
{
    "n_points_train": 10,
    "n_points_test": 100, 
    "features_number" : 1,
    "minval": -3.141592653589793,
    "maxval": 3.141592653589793,
    "distribution" : "random"
}
