{"features_number": 1, "n_qubits_by_feature": 2, "n_layers": 3, "base_frecuency": [1.0833078115826873], "shift_feature": [-1.6791271079531653]}